,mean,se
0,-397393.08445677574,12812.488056354003
